competencia,municipio,ine,equipe,microarea,indicador_id,valor,total_cadastrados
2026-09,Santa Maria Madalena,,arranchadouro,MICROAREA 13,desatualizado,0,1064
2026-09,Santa Maria Madalena,,arranchadouro,MICROAREA 13,nunca_editado,91,1064
2026-09,Santa Maria Madalena,,arranchadouro,MICROAREA 13,possivel_duplicata,40,1064
2026-09,Santa Maria Madalena,,arranchadouro,MICROAREA 13,sem_cns,238,1064
2026-09,Santa Maria Madalena,,arranchadouro,MICROAREA 13,sem_cpf,166,1064
2026-09,Santa Maria Madalena,,arranchadouro,MICROAREA 13,sem_endereco,1,1064
2026-09,Santa Maria Madalena,,arranchadouro,MICROAREA 13,sem_vinculo_familiar,4,1064
2026-09,Santa Maria Madalena,,arranchadouro,MICROÁREA 04,desatualizado,0,556
2026-09,Santa Maria Madalena,,arranchadouro,MICROÁREA 04,nunca_editado,25,556
2026-09,Santa Maria Madalena,,arranchadouro,MICROÁREA 04,possivel_duplicata,47,556
2026-09,Santa Maria Madalena,,arranchadouro,MICROÁREA 04,sem_cns,19,556
2026-09,Santa Maria Madalena,,arranchadouro,MICROÁREA 04,sem_cpf,401,556
2026-09,Santa Maria Madalena,,arranchadouro,MICROÁREA 04,sem_endereco,84,556
2026-09,Santa Maria Madalena,,arranchadouro,MICROÁREA 04,sem_vinculo_familiar,110,556
2026-09,Santa Maria Madalena,,arranchadouro,MICROÁREA 06,desatualizado,122,389
2026-09,Santa Maria Madalena,,arranchadouro,MICROÁREA 06,nunca_editado,152,389
2026-09,Santa Maria Madalena,,arranchadouro,MICROÁREA 06,possivel_duplicata,11,389
2026-09,Santa Maria Madalena,,arranchadouro,MICROÁREA 06,sem_cns,19,389
2026-09,Santa Maria Madalena,,arranchadouro,MICROÁREA 06,sem_cpf,267,389
2026-09,Santa Maria Madalena,,arranchadouro,MICROÁREA 06,sem_endereco,5,389
2026-09,Santa Maria Madalena,,arranchadouro,MICROÁREA 06,sem_vinculo_familiar,11,389
2026-09,Santa Maria Madalena,,arranchadouro,MICROÁREA 07,desatualizado,7,410
2026-09,Santa Maria Madalena,,arranchadouro,MICROÁREA 07,nunca_editado,7,410
2026-09,Santa Maria Madalena,,arranchadouro,MICROÁREA 07,possivel_duplicata,12,410
2026-09,Santa Maria Madalena,,arranchadouro,MICROÁREA 07,sem_cns,6,410
2026-09,Santa Maria Madalena,,arranchadouro,MICROÁREA 07,sem_cpf,222,410
2026-09,Santa Maria Madalena,,arranchadouro,MICROÁREA 07,sem_endereco,4,410
2026-09,Santa Maria Madalena,,arranchadouro,MICROÁREA 07,sem_vinculo_familiar,10,410
2026-09,Santa Maria Madalena,,arranchadouro,MICROÁREA 08,desatualizado,0,250
2026-09,Santa Maria Madalena,,arranchadouro,MICROÁREA 08,nunca_editado,7,250
2026-09,Santa Maria Madalena,,arranchadouro,MICROÁREA 08,possivel_duplicata,8,250
2026-09,Santa Maria Madalena,,arranchadouro,MICROÁREA 08,sem_cns,19,250
2026-09,Santa Maria Madalena,,arranchadouro,MICROÁREA 08,sem_cpf,51,250
2026-09,Santa Maria Madalena,,arranchadouro,MICROÁREA 08,sem_endereco,1,250
2026-09,Santa Maria Madalena,,arranchadouro,MICROÁREA 08,sem_vinculo_familiar,4,250
2026-09,Santa Maria Madalena,,arranchadouro,MICROÁREA 09,desatualizado,0,643
2026-09,Santa Maria Madalena,,arranchadouro,MICROÁREA 09,nunca_editado,7,643
2026-09,Santa Maria Madalena,,arranchadouro,MICROÁREA 09,possivel_duplicata,19,643
2026-09,Santa Maria Madalena,,arranchadouro,MICROÁREA 09,sem_cns,11,643
2026-09,Santa Maria Madalena,,arranchadouro,MICROÁREA 09,sem_cpf,241,643
2026-09,Santa Maria Madalena,,arranchadouro,MICROÁREA 09,sem_endereco,13,643
2026-09,Santa Maria Madalena,,arranchadouro,MICROÁREA 09,sem_vinculo_familiar,18,643
2026-09,Santa Maria Madalena,,arranchadouro,MICROÁREA 10,desatualizado,5,247
2026-09,Santa Maria Madalena,,arranchadouro,MICROÁREA 10,nunca_editado,24,247
2026-09,Santa Maria Madalena,,arranchadouro,MICROÁREA 10,possivel_duplicata,10,247
2026-09,Santa Maria Madalena,,arranchadouro,MICROÁREA 10,sem_cns,5,247
2026-09,Santa Maria Madalena,,arranchadouro,MICROÁREA 10,sem_cpf,15,247
2026-09,Santa Maria Madalena,,arranchadouro,MICROÁREA 10,sem_endereco,7,247
2026-09,Santa Maria Madalena,,arranchadouro,MICROÁREA 10,sem_vinculo_familiar,9,247
2026-09,Santa Maria Madalena,,arranchadouro,MICROÁREA 11,desatualizado,262,500
2026-09,Santa Maria Madalena,,arranchadouro,MICROÁREA 11,nunca_editado,111,500
2026-09,Santa Maria Madalena,,arranchadouro,MICROÁREA 11,possivel_duplicata,18,500
2026-09,Santa Maria Madalena,,arranchadouro,MICROÁREA 11,sem_cns,54,500
2026-09,Santa Maria Madalena,,arranchadouro,MICROÁREA 11,sem_cpf,155,500
2026-09,Santa Maria Madalena,,arranchadouro,MICROÁREA 11,sem_endereco,3,500
2026-09,Santa Maria Madalena,,arranchadouro,MICROÁREA 11,sem_vinculo_familiar,3,500
2026-09,Santa Maria Madalena,,arranchadouro,MICROÁREA 12,desatualizado,561,743
2026-09,Santa Maria Madalena,,arranchadouro,MICROÁREA 12,nunca_editado,105,743
2026-09,Santa Maria Madalena,,arranchadouro,MICROÁREA 12,possivel_duplicata,21,743
2026-09,Santa Maria Madalena,,arranchadouro,MICROÁREA 12,sem_cns,101,743
2026-09,Santa Maria Madalena,,arranchadouro,MICROÁREA 12,sem_cpf,525,743
2026-09,Santa Maria Madalena,,arranchadouro,MICROÁREA 12,sem_endereco,8,743
2026-09,Santa Maria Madalena,,arranchadouro,MICROÁREA 12,sem_vinculo_familiar,12,743
2026-09,Santa Maria Madalena,,arranchadouro,MICROÁREA 14,desatualizado,46,862
2026-09,Santa Maria Madalena,,arranchadouro,MICROÁREA 14,nunca_editado,86,862
2026-09,Santa Maria Madalena,,arranchadouro,MICROÁREA 14,possivel_duplicata,36,862
2026-09,Santa Maria Madalena,,arranchadouro,MICROÁREA 14,sem_cns,49,862
2026-09,Santa Maria Madalena,,arranchadouro,MICROÁREA 14,sem_cpf,672,862
2026-09,Santa Maria Madalena,,arranchadouro,MICROÁREA 14,sem_endereco,80,862
2026-09,Santa Maria Madalena,,arranchadouro,MICROÁREA 14,sem_vinculo_familiar,96,862
2026-09,Santa Maria Madalena,,manoel-de-moraes,MICROÁREA 01,desatualizado,35,294
2026-09,Santa Maria Madalena,,manoel-de-moraes,MICROÁREA 01,nunca_editado,46,294
2026-09,Santa Maria Madalena,,manoel-de-moraes,MICROÁREA 01,possivel_duplicata,23,294
2026-09,Santa Maria Madalena,,manoel-de-moraes,MICROÁREA 01,sem_cns,19,294
2026-09,Santa Maria Madalena,,manoel-de-moraes,MICROÁREA 01,sem_cpf,50,294
2026-09,Santa Maria Madalena,,manoel-de-moraes,MICROÁREA 01,sem_endereco,9,294
2026-09,Santa Maria Madalena,,manoel-de-moraes,MICROÁREA 01,sem_vinculo_familiar,10,294
2026-09,Santa Maria Madalena,,manoel-de-moraes,MICROÁREA 02,desatualizado,3,272
2026-09,Santa Maria Madalena,,manoel-de-moraes,MICROÁREA 02,nunca_editado,18,272
2026-09,Santa Maria Madalena,,manoel-de-moraes,MICROÁREA 02,possivel_duplicata,6,272
2026-09,Santa Maria Madalena,,manoel-de-moraes,MICROÁREA 02,sem_cns,21,272
2026-09,Santa Maria Madalena,,manoel-de-moraes,MICROÁREA 02,sem_cpf,52,272
2026-09,Santa Maria Madalena,,manoel-de-moraes,MICROÁREA 02,sem_endereco,11,272
2026-09,Santa Maria Madalena,,manoel-de-moraes,MICROÁREA 02,sem_vinculo_familiar,11,272
2026-09,Santa Maria Madalena,,manoel-de-moraes,MICROÁREA 03,desatualizado,0,133
2026-09,Santa Maria Madalena,,manoel-de-moraes,MICROÁREA 03,nunca_editado,0,133
2026-09,Santa Maria Madalena,,manoel-de-moraes,MICROÁREA 03,possivel_duplicata,1,133
2026-09,Santa Maria Madalena,,manoel-de-moraes,MICROÁREA 03,sem_cns,0,133
2026-09,Santa Maria Madalena,,manoel-de-moraes,MICROÁREA 03,sem_cpf,8,133
2026-09,Santa Maria Madalena,,manoel-de-moraes,MICROÁREA 03,sem_endereco,0,133
2026-09,Santa Maria Madalena,,manoel-de-moraes,MICROÁREA 03,sem_vinculo_familiar,1,133
2026-09,Santa Maria Madalena,,manoel-de-moraes,MICROÁREA 04,desatualizado,76,285
2026-09,Santa Maria Madalena,,manoel-de-moraes,MICROÁREA 04,nunca_editado,41,285
2026-09,Santa Maria Madalena,,manoel-de-moraes,MICROÁREA 04,possivel_duplicata,16,285
2026-09,Santa Maria Madalena,,manoel-de-moraes,MICROÁREA 04,sem_cns,44,285
2026-09,Santa Maria Madalena,,manoel-de-moraes,MICROÁREA 04,sem_cpf,81,285
2026-09,Santa Maria Madalena,,manoel-de-moraes,MICROÁREA 04,sem_endereco,39,285
2026-09,Santa Maria Madalena,,manoel-de-moraes,MICROÁREA 04,sem_vinculo_familiar,41,285
2026-09,Santa Maria Madalena,,manoel-de-moraes,MICROÁREA 05,desatualizado,0,141
2026-09,Santa Maria Madalena,,manoel-de-moraes,MICROÁREA 05,nunca_editado,0,141
2026-09,Santa Maria Madalena,,manoel-de-moraes,MICROÁREA 05,possivel_duplicata,0,141
2026-09,Santa Maria Madalena,,manoel-de-moraes,MICROÁREA 05,sem_cns,4,141
2026-09,Santa Maria Madalena,,manoel-de-moraes,MICROÁREA 05,sem_cpf,10,141
2026-09,Santa Maria Madalena,,manoel-de-moraes,MICROÁREA 05,sem_endereco,0,141
2026-09,Santa Maria Madalena,,manoel-de-moraes,MICROÁREA 05,sem_vinculo_familiar,0,141
2026-09,Santa Maria Madalena,,manoel-de-moraes,MICROÁREA 06,desatualizado,175,454
2026-09,Santa Maria Madalena,,manoel-de-moraes,MICROÁREA 06,nunca_editado,145,454
2026-09,Santa Maria Madalena,,manoel-de-moraes,MICROÁREA 06,possivel_duplicata,8,454
2026-09,Santa Maria Madalena,,manoel-de-moraes,MICROÁREA 06,sem_cns,23,454
2026-09,Santa Maria Madalena,,manoel-de-moraes,MICROÁREA 06,sem_cpf,213,454
2026-09,Santa Maria Madalena,,manoel-de-moraes,MICROÁREA 06,sem_endereco,0,454
2026-09,Santa Maria Madalena,,manoel-de-moraes,MICROÁREA 06,sem_vinculo_familiar,0,454
2026-09,Santa Maria Madalena,,triunfo,MICROÁREA 01,desatualizado,0,170
2026-09,Santa Maria Madalena,,triunfo,MICROÁREA 01,nunca_editado,5,170
2026-09,Santa Maria Madalena,,triunfo,MICROÁREA 01,possivel_duplicata,5,170
2026-09,Santa Maria Madalena,,triunfo,MICROÁREA 01,sem_cns,0,170
2026-09,Santa Maria Madalena,,triunfo,MICROÁREA 01,sem_cpf,0,170
2026-09,Santa Maria Madalena,,triunfo,MICROÁREA 01,sem_endereco,0,170
2026-09,Santa Maria Madalena,,triunfo,MICROÁREA 01,sem_vinculo_familiar,0,170
2026-09,Santa Maria Madalena,,triunfo,MICROÁREA 02,desatualizado,6,205
2026-09,Santa Maria Madalena,,triunfo,MICROÁREA 02,nunca_editado,1,205
2026-09,Santa Maria Madalena,,triunfo,MICROÁREA 02,possivel_duplicata,3,205
2026-09,Santa Maria Madalena,,triunfo,MICROÁREA 02,sem_cns,3,205
2026-09,Santa Maria Madalena,,triunfo,MICROÁREA 02,sem_cpf,7,205
2026-09,Santa Maria Madalena,,triunfo,MICROÁREA 02,sem_endereco,4,205
2026-09,Santa Maria Madalena,,triunfo,MICROÁREA 02,sem_vinculo_familiar,7,205
2026-09,Santa Maria Madalena,,triunfo,MICROÁREA 03,desatualizado,0,206
2026-09,Santa Maria Madalena,,triunfo,MICROÁREA 03,nunca_editado,4,206
2026-09,Santa Maria Madalena,,triunfo,MICROÁREA 03,possivel_duplicata,6,206
2026-09,Santa Maria Madalena,,triunfo,MICROÁREA 03,sem_cns,1,206
2026-09,Santa Maria Madalena,,triunfo,MICROÁREA 03,sem_cpf,1,206
2026-09,Santa Maria Madalena,,triunfo,MICROÁREA 03,sem_endereco,0,206
2026-09,Santa Maria Madalena,,triunfo,MICROÁREA 03,sem_vinculo_familiar,5,206
2026-09,Santa Maria Madalena,,triunfo,MICROÁREA 04,desatualizado,0,275
2026-09,Santa Maria Madalena,,triunfo,MICROÁREA 04,nunca_editado,3,275
2026-09,Santa Maria Madalena,,triunfo,MICROÁREA 04,possivel_duplicata,2,275
2026-09,Santa Maria Madalena,,triunfo,MICROÁREA 04,sem_cns,0,275
2026-09,Santa Maria Madalena,,triunfo,MICROÁREA 04,sem_cpf,1,275
2026-09,Santa Maria Madalena,,triunfo,MICROÁREA 04,sem_endereco,7,275
2026-09,Santa Maria Madalena,,triunfo,MICROÁREA 04,sem_vinculo_familiar,10,275
2026-09,Santa Maria Madalena,,triunfo,MICROÁREA 05,desatualizado,0,298
2026-09,Santa Maria Madalena,,triunfo,MICROÁREA 05,nunca_editado,13,298
2026-09,Santa Maria Madalena,,triunfo,MICROÁREA 05,possivel_duplicata,6,298
2026-09,Santa Maria Madalena,,triunfo,MICROÁREA 05,sem_cns,6,298
2026-09,Santa Maria Madalena,,triunfo,MICROÁREA 05,sem_cpf,4,298
2026-09,Santa Maria Madalena,,triunfo,MICROÁREA 05,sem_endereco,0,298
2026-09,Santa Maria Madalena,,triunfo,MICROÁREA 05,sem_vinculo_familiar,1,298
2026-09,Santa Maria Madalena,,triunfo,MICROÁREA 06,desatualizado,14,210
2026-09,Santa Maria Madalena,,triunfo,MICROÁREA 06,nunca_editado,10,210
2026-09,Santa Maria Madalena,,triunfo,MICROÁREA 06,possivel_duplicata,8,210
2026-09,Santa Maria Madalena,,triunfo,MICROÁREA 06,sem_cns,2,210
2026-09,Santa Maria Madalena,,triunfo,MICROÁREA 06,sem_cpf,12,210
2026-09,Santa Maria Madalena,,triunfo,MICROÁREA 06,sem_endereco,5,210
2026-09,Santa Maria Madalena,,triunfo,MICROÁREA 06,sem_vinculo_familiar,5,210
2026-09,Santa Maria Madalena,,triunfo,MICROÁREA 08,desatualizado,11,664
2026-09,Santa Maria Madalena,,triunfo,MICROÁREA 08,nunca_editado,23,664
2026-09,Santa Maria Madalena,,triunfo,MICROÁREA 08,possivel_duplicata,5,664
2026-09,Santa Maria Madalena,,triunfo,MICROÁREA 08,sem_cns,3,664
2026-09,Santa Maria Madalena,,triunfo,MICROÁREA 08,sem_cpf,6,664
2026-09,Santa Maria Madalena,,triunfo,MICROÁREA 08,sem_endereco,0,664
2026-09,Santa Maria Madalena,,triunfo,MICROÁREA 08,sem_vinculo_familiar,1,664
2026-09,Santa Maria Madalena,,triunfo,MICROÁREA 09,desatualizado,132,362
2026-09,Santa Maria Madalena,,triunfo,MICROÁREA 09,nunca_editado,36,362
2026-09,Santa Maria Madalena,,triunfo,MICROÁREA 09,possivel_duplicata,5,362
2026-09,Santa Maria Madalena,,triunfo,MICROÁREA 09,sem_cns,37,362
2026-09,Santa Maria Madalena,,triunfo,MICROÁREA 09,sem_cpf,238,362
2026-09,Santa Maria Madalena,,triunfo,MICROÁREA 09,sem_endereco,66,362
2026-09,Santa Maria Madalena,,triunfo,MICROÁREA 09,sem_vinculo_familiar,96,362
